<?xml version="1.0" encoding="UTF-8"?>
<FileZilla3 version="3.27.1" platform="windows">
	<Servers>
		<Server>
			<Host>static.cartwebapp.com</Host>
			<Port>21</Port>
			<Protocol>0</Protocol>
			<Type>0</Type>
			<User>student17@cartwebapp.com</User>
			<Pass encoding="base64">V2VsY29tZUNBUlQ=</Pass>
			<Logontype>1</Logontype>
			<TimezoneOffset>0</TimezoneOffset>
			<PasvMode>MODE_DEFAULT</PasvMode>
			<MaximumMultipleConnections>1</MaximumMultipleConnections>
			<EncodingType>Auto</EncodingType>
			<BypassProxy>0</BypassProxy>
			<Name>WebApp</Name>
			<Comments />
			<Colour>0</Colour>
			<LocalDir />
			<RemoteDir>1 0 8 project3</RemoteDir>
			<SyncBrowsing>0</SyncBrowsing>
			<DirectoryComparison>0</DirectoryComparison>
		</Server>
	</Servers>
</FileZilla3>
